[
  {
    "id": "e8dea435-aa2f-4db5-91a4-466fb8ac496c",
    "data": [
      {
        "text": "bye",
        "userDefined": false
      }
    ],
    "isTemplate": false,
    "count": 0,
    "updated": 0
  },
  {
    "id": "9fbda7a9-0087-4e63-a2ce-de731918a608",
    "data": [
      {
        "text": "no",
        "userDefined": false
      }
    ],
    "isTemplate": false,
    "count": 0,
    "updated": 0
  },
  {
    "id": "17cbda3c-b680-4e58-a6ff-5c69ff70e1e5",
    "data": [
      {
        "text": "no thanks",
        "userDefined": false
      }
    ],
    "isTemplate": false,
    "count": 0,
    "updated": 0
  },
  {
    "id": "6a893059-1ea4-4604-8be5-812e1c6b342e",
    "data": [
      {
        "text": "Thank You",
        "userDefined": false
      }
    ],
    "isTemplate": false,
    "count": 0,
    "updated": 0
  },
  {
    "id": "295d619b-e41e-49c0-a9ed-5f27a7a8db52",
    "data": [
      {
        "text": "Exit",
        "userDefined": false
      }
    ],
    "isTemplate": false,
    "count": 0,
    "updated": 0
  },
  {
    "id": "79af18bd-8bba-4b7e-95b0-45f2abdfa804",
    "data": [
      {
        "text": "Quit",
        "userDefined": false
      }
    ],
    "isTemplate": false,
    "count": 0,
    "updated": 0
  },
  {
    "id": "18a6a912-4fbb-4085-9363-bb49697fac8d",
    "data": [
      {
        "text": "Cancel",
        "userDefined": false
      }
    ],
    "isTemplate": false,
    "count": 0,
    "updated": 0
  }
]