[
  {
    "id": "dfe4fe48-3ece-4ea5-83ff-49f6e6962cf2",
    "data": [
      {
        "text": "काफ़ी दिनों से बात नहीं हुई",
        "userDefined": false
      }
    ],
    "isTemplate": false,
    "count": 0,
    "updated": 0
  },
  {
    "id": "6e959524-c4c1-4fe2-ad84-a9c7f0e091bf",
    "data": [
      {
        "text": "नमस्कार",
        "userDefined": false
      }
    ],
    "isTemplate": false,
    "count": 1,
    "updated": 0
  },
  {
    "id": "da32ed13-5141-4e37-974b-523c7eedaf3b",
    "data": [
      {
        "text": "नमस्ते",
        "userDefined": false
      }
    ],
    "isTemplate": false,
    "count": 3,
    "updated": 0
  },
  {
    "id": "153f69ca-7b6c-4a04-a512-11462a116d68",
    "data": [
      {
        "text": "क्या हाल है",
        "userDefined": false
      }
    ],
    "isTemplate": false,
    "count": 0,
    "updated": 0
  },
  {
    "id": "679c5e07-ea3a-4565-aa7d-d7474d604a77",
    "data": [
      {
        "text": "सुनो, क्या हाल है",
        "userDefined": false
      }
    ],
    "isTemplate": false,
    "count": 0,
    "updated": 0
  },
  {
    "id": "53d1d34a-fa09-4d0c-b44b-1292088493b3",
    "data": [
      {
        "text": "मेरी तरफ़ से नमस्ते",
        "userDefined": false
      }
    ],
    "isTemplate": false,
    "count": 0,
    "updated": 0
  }
]