[
  {
    "id": "62fd1b3f-101a-4ccd-bbe9-ff5eaeb80e81",
    "data": [
      {
        "text": "talk to covid voice bot",
        "userDefined": false
      }
    ],
    "isTemplate": false,
    "count": 0,
    "updated": 0
  },
  {
    "id": "291ac91e-8826-435a-9fce-886416649065",
    "data": [
      {
        "text": "talk to covid",
        "userDefined": false
      }
    ],
    "isTemplate": false,
    "count": 0,
    "updated": 0
  },
  {
    "id": "a5f88d24-068f-44c8-a57a-3596065bdea6",
    "data": [
      {
        "text": "hey",
        "userDefined": false
      }
    ],
    "isTemplate": false,
    "count": 0,
    "updated": 0
  },
  {
    "id": "f694de46-c422-4d0b-88e8-83b3715c12f1",
    "data": [
      {
        "text": "hello",
        "userDefined": false
      }
    ],
    "isTemplate": false,
    "count": 0,
    "updated": 0
  },
  {
    "id": "9969433d-e00d-4fb6-93c5-77cf17ec853e",
    "data": [
      {
        "text": "hi",
        "userDefined": false
      }
    ],
    "isTemplate": false,
    "count": 0,
    "updated": 0
  }
]