[
  {
    "id": "de0c5c2b-2896-4036-8d8b-7d747a6597da",
    "data": [
      {
        "text": "difficult ",
        "userDefined": false
      },
      {
        "text": "to",
        "meta": "@sys.ignore",
        "userDefined": true
      },
      {
        "text": " ",
        "userDefined": false
      },
      {
        "text": "speak",
        "alias": "sore",
        "meta": "@sore",
        "userDefined": true
      }
    ],
    "isTemplate": false,
    "count": 0,
    "updated": 0
  },
  {
    "id": "b0018d36-ad51-42d5-a348-1cde7a038b0b",
    "data": [
      {
        "text": "not feeling tired",
        "alias": "fatigue",
        "meta": "@fatigue",
        "userDefined": false
      }
    ],
    "isTemplate": false,
    "count": 0,
    "updated": 0
  },
  {
    "id": "d9a8f207-7051-4f91-8129-1835d2d9db28",
    "data": [
      {
        "text": "no",
        "alias": "bodypain",
        "meta": "@bodypain",
        "userDefined": false
      }
    ],
    "isTemplate": false,
    "count": 0,
    "updated": 0
  },
  {
    "id": "5d5950bf-c4d5-410d-9ff4-d37ad47dbe6c",
    "data": [
      {
        "text": "too much",
        "alias": "breathing",
        "meta": "@breathing",
        "userDefined": false
      }
    ],
    "isTemplate": false,
    "count": 0,
    "updated": 0
  },
  {
    "id": "54c9807c-db78-44d7-9773-1bf3ad5bc2a3",
    "data": [
      {
        "text": "not at all",
        "alias": "breathing",
        "meta": "@breathing",
        "userDefined": false
      }
    ],
    "isTemplate": false,
    "count": 0,
    "updated": 0
  },
  {
    "id": "10b04b90-ee67-4f4a-85d5-31e29b4dbab0",
    "data": [
      {
        "text": "much high",
        "alias": "cough",
        "meta": "@cough",
        "userDefined": false
      }
    ],
    "isTemplate": false,
    "count": 0,
    "updated": 0
  },
  {
    "id": "51b05270-aff2-4983-bd79-16d66cd42e50",
    "data": [
      {
        "text": "not much",
        "alias": "breathing",
        "meta": "@breathing",
        "userDefined": false
      }
    ],
    "isTemplate": false,
    "count": 0,
    "updated": 0
  },
  {
    "id": "4af67a88-03c8-4556-b5a4-2a355812c876",
    "data": [
      {
        "text": "i am good",
        "alias": "cough",
        "meta": "@cough",
        "userDefined": false
      }
    ],
    "isTemplate": false,
    "count": 0,
    "updated": 0
  },
  {
    "id": "18d938ae-f654-480a-ad00-985eb19ba439",
    "data": [
      {
        "text": "i\u0027m good",
        "alias": "breathing",
        "meta": "@breathing",
        "userDefined": true
      }
    ],
    "isTemplate": false,
    "count": 1,
    "updated": 0
  },
  {
    "id": "1cd24d72-4321-456b-b6e5-e816dea195c6",
    "data": [
      {
        "text": "predict",
        "userDefined": false
      }
    ],
    "isTemplate": false,
    "count": 0,
    "updated": 0
  },
  {
    "id": "38f7aede-4185-49da-964e-13080851cdd6",
    "data": [
      {
        "text": "virus analysis",
        "userDefined": false
      }
    ],
    "isTemplate": false,
    "count": 0,
    "updated": 0
  },
  {
    "id": "ac7d43dd-7296-4045-913f-357ad51e0bba",
    "data": [
      {
        "text": "i\u0027m ",
        "userDefined": false
      },
      {
        "text": "25",
        "alias": "age",
        "meta": "@sys.number",
        "userDefined": false
      }
    ],
    "isTemplate": false,
    "count": 0,
    "updated": 0
  },
  {
    "id": "0320fd39-4321-4fc8-bf34-b31630260d57",
    "data": [
      {
        "text": "my age is ",
        "userDefined": false
      },
      {
        "text": "35",
        "alias": "age",
        "meta": "@sys.number",
        "userDefined": true
      }
    ],
    "isTemplate": false,
    "count": 0,
    "updated": 0
  },
  {
    "id": "ff6551c2-45c1-429b-99f3-f3841ea00cfc",
    "data": [
      {
        "text": "27",
        "alias": "temperature",
        "meta": "@sys.number",
        "userDefined": false
      },
      {
        "text": "°",
        "userDefined": false
      }
    ],
    "isTemplate": false,
    "count": 0,
    "updated": 0
  },
  {
    "id": "6b764408-cc26-490b-91fb-048a5634ba10",
    "data": [
      {
        "text": "30",
        "alias": "temperature",
        "meta": "@sys.number",
        "userDefined": true
      },
      {
        "text": " degrees",
        "userDefined": false
      }
    ],
    "isTemplate": false,
    "count": 0,
    "updated": 0
  },
  {
    "id": "cd429ce7-1dc7-41f8-b10a-dd52e9210295",
    "data": [
      {
        "text": "25",
        "alias": "temperature",
        "meta": "@sys.number",
        "userDefined": false
      }
    ],
    "isTemplate": false,
    "count": 0,
    "updated": 0
  },
  {
    "id": "46d14952-d4aa-49ae-b27e-dea6874df660",
    "data": [
      {
        "text": "How about ",
        "userDefined": false
      },
      {
        "text": "45",
        "alias": "temperature",
        "meta": "@sys.number",
        "userDefined": true
      },
      {
        "text": " degrees?",
        "userDefined": false
      }
    ],
    "isTemplate": false,
    "count": 0,
    "updated": 0
  },
  {
    "id": "eff3a145-64ec-41a4-988c-15b31decf5c1",
    "data": [
      {
        "text": "27",
        "alias": "temperature",
        "meta": "@sys.number",
        "userDefined": false
      },
      {
        "text": "° ",
        "userDefined": false
      },
      {
        "text": "Celsius",
        "alias": "unit",
        "meta": "@unit",
        "userDefined": true
      }
    ],
    "isTemplate": false,
    "count": 0,
    "updated": 0
  },
  {
    "id": "d53c012e-f39b-49f1-bb2d-d6ace40bf35d",
    "data": [
      {
        "text": "-40",
        "alias": "temperature",
        "meta": "@sys.number",
        "userDefined": true
      },
      {
        "text": "° ",
        "userDefined": false
      },
      {
        "text": "Fahrenheit",
        "alias": "unit",
        "meta": "@unit",
        "userDefined": true
      }
    ],
    "isTemplate": false,
    "count": 0,
    "updated": 0
  },
  {
    "id": "25533188-0a70-44b0-b9f6-eba21815d4bc",
    "data": [
      {
        "text": "45",
        "alias": "temperature",
        "meta": "@sys.number",
        "userDefined": true
      },
      {
        "text": " degrees ",
        "userDefined": false
      },
      {
        "text": "Celsius",
        "alias": "unit",
        "meta": "@unit",
        "userDefined": true
      }
    ],
    "isTemplate": false,
    "count": 0,
    "updated": 0
  }
]